-- ********************************************* --
-- Part B: Insert Data
-- ********************************************* --
DELETE FROM Players;
DELETE FROM Apex_Playoff_Teams;
DELETE FROM Apex_Playoff_Players;
DELETE FROM Valorant;
DELETE FROM Call_Of_Duty;
DELETE FROM League_Of_Legends;
DELETE FROM Siege;
DELETE FROM Rocket_League;
INSERT INTO Players(team, tag, game) VALUES
('Reignite','Sharky3415',  'Apex Legends'),
( 'Reignite','RIG_Zer0', 'Apex Legends'),
('Reignite','KNG_Jmw',  'Apex Legends'),
('Team Liquid','TL Nocturnal',  'Apex Legends'),
('Team Liquid','TL FunFPS',  'Apex Legends'),
('Team Liquid','KNIGHTS_Gild',  'Apex Legends'),
('Team Liquid','TL Hodsic',  'Apex Legends'),
( 'Team UNITE','UNITE_Ftyan', 'Apex Legends'),
('Team UNITE','UNITE_saku',  'Apex Legends'),
('Team UNITE','UNITE_Lejetta',  'Apex Legends'),
('OpTic Gaming','twitch_dooplex',  'Apex Legends'),
('OpTic Gaming','SkittleCakes',  'Apex Legends'),
('OpTic Gaming','C9 knoqd',  'Apex Legends'), 
('OpTic Gaming','Rogue',  'Apex Legends'),
('Luminosity Gaming','LG_Neazul',  'Apex Legends'),
('Luminosity Gaming','LG_NMEgo',  'Apex Legends'),
('Luminosity Gaming','LG_YanYa',  'Apex Legends'),
( 'Luminosity Gaming','LG_Pistillo', 'Apex Legends'),
( 'TSM','FTX ImperialHal', 'Apex Legends'),
( 'TSM','FTX_Reps', 'Apex Legends'),
('TSM','intel_verhulst',  'Apex Legends'),
('NRG','NRG rocker',  'Apex Legends'),
('NRG','NRG Nafen',  'Apex Legends'),
('NRG','NRG Sweet',  'Apex Legends'),
('Team Empire','EMPIRE RANCHES',  'Apex Legends'),
('Team Empire','EMPIRE MALIWAN',  'Apex Legends'),
('Team Empire','EMPIRE CLEAVEE',  'Apex Legends'),
('GameWith','GW_Meltstera',  'Apex Legends'),
('GameWith','GW_YukaF',  'Apex Legends'),
('GameWith','GW_MatsuTash',  'Apex Legends'),
('Cloud9','C9_StayNaughty',  'Apex Legends'),
('Cloud9','TSMFTX Albralelie',  'Apex Legends'),
('Cloud9','KNG_Graceful',  'Apex Legends'),
('Cloud9','PVPX',  'Apex Legends'),
('100 Thieves','RNG_Vaxlon',  'Apex Legends'),
('100 Thieves','100T Onmuu',  'Apex Legends'),
('100 Thieves','100T_Scuwry',  'Apex Legends'),
('GMT Esports','GMT Gnaske',  'Apex Legends'),
('GMT Esports','GMT_SirDel',  'Apex Legends'),
('GMT Esports','GMT_MaxStrafe',  'Apex Legends'),
('GMT Esports','maydeelol',  'Apex Legends'),
('aDRaccoon','obly_aD',  'Apex Legends'),
('aDRaccoon','aD_Parkha',  'Apex Legends'),
('aDRaccoon','Rid_KaronPe',  'Apex Legends'),
('aDRaccoon','Selly_o',  'Apex Legends'),
('Elevate','ELevate_B1N',  'Apex Legends'),
('Elevate','Elevate_N3LAS',  'Apex Legends'),
('Elevate','Elevate_Sleep',  'Apex Legends'),
('Elevate','Elevate_Caffe',  'Apex Legends'),
('Team Burger','Jaro-twitch',  'Apex Legends'),
('Team Burger','ItsEmtee',  'Apex Legends'),
('Team Burger','Prycyy',  'Apex Legends'),
('Alliance','Alliance_Hakis',  'Apex Legends'),
('Alliance','Alliance_Vaifs',  'Apex Legends'),
('Alliance','Alliance_Yuki',  'Apex Legends'),
('Sutoraiku','BulletL',  'Apex Legends'),
('Sutoraiku','WXLTZY',  'Apex Legends'),
('Sutoraiku','Fussy',  'Apex Legends'),
('Sutoraiku','devi',  'Apex Legends'), 
('Spacestation','ssg_xenial',  'Apex Legends'),
('Spacestation','SSG Dropped',  'Apex Legends'),
('Spacestation','SSG_Frexs',  'Apex Legends'),
('FOR7','FSV_HeeGak',  'Apex Legends'),
('FOR7','FSV_SangJoon',  'Apex Legends'),
('FOR7','FSV_Jusna',  'Apex Legends'),
('V3 Vega','V3_t23tatsu',  'Apex Legends'),
('V3 Vega','V3_JIGEN',  'Apex Legends'),
('V3 Vega','V3_1tappy',  'Apex Legends'),
('TSM.X','dodonut',  'Valorant'),
('IMT','sarahcat',  'Valorant'),
('SEN','TenZ',  'Valorant'),
('C9','leaf',  'Valorant'),
('C9W','Keiti',  'Valorant'),
('FaZe','BABYBAY',  'Valorant'),
('V1','WARDELL',  'Valorant'),
('GHST','NiSMO',  'Valorant'),
('MR','OXY',  'Valorant'),
('GHST','koalanoob',  'Valorant'),
('Team Liquid', 'Jensen', 'League Of Legends'),
('Cloud9', 'Blaber', 'League Of Legends'),
('Cloud9', 'Zven', 'League Of Legends'),
('Team Liquid', 'Tactical', 'League Of Legends'),
('100 Thieves', 'FBI', 'League Of Legends'),
('100 Thieves', 'Ssumday', 'League Of Legends'),
('Team SoloMid', 'Bjergsen', 'League Of Legends'),
('100 Thieves', 'Closer', 'League Of Legends'),
('Evil Geniuses', 'Danny', 'League Of Legends'),
('Cloud9', 'Nisqy', 'League Of Legends'),
('StrikeX', 'Ramby', 'Call of Duty'),
('TorontoEU', 'Furious', 'Call of Duty'),
('NYSL', 'Paulehx', 'Call of Duty'),
('Florida', 'Skyz', 'Call of Duty'),
('Atlanta', 'Cellium', 'Call of Duty'),
('Optic', 'Shotzzy', 'Call of Duty'),
('Optic', 'Dashy', 'Call of Duty'),
('Minnesota', 'Havok', 'Call of Duty'),
('Minnesota', 'Standy', 'Call of Duty'),
('Atlanta', 'Simp', 'Call of Duty'),
('G2 Esports', 'JKnaps', 'Rocket Leauge'),
('Team Singularity', 'Justuszzz', 'Rocket Leauge'),
('F16 Esports', 'Rw9.', 'Rocket Leauge'),
('Team Falcons', 'trk511', 'Rocket Leauge'),
('Torrent', 'majicbear', 'Rocket Leauge'),
('NRG', 'Its_JSTN', 'Rocket Leauge'),
('XSET', 'percy.', 'Rocket Leauge'),
('XSET', 'AlphaKep', 'Rocket Leauge'),
('6LIT', 'Diaz', 'Rocket Leauge'),
('TRICK', 'Kryptos', 'Rocket Leauge'),
('Activit-E Esports', 'Kaktus', 'Rainbow Six: Siege'),
('Activit-E Esports', 'BmB3R', 'Rainbow Six: Siege'),
('Esport BERG', 'Fr0xXy', 'Rainbow Six: Siege'),
('JLINGZ esports', 'Avaiche', 'Rainbow Six: Siege'),
('Team Alpha', 'Koji', 'Rainbow Six: Siege'),
('Invictus Gaming', 'SpeakEasy', 'Rainbow Six: Siege'),
('JLINGZ esports', 'Sam', 'Rainbow Six: Siege'),
('Ovation eSports', 'Scream', 'Rainbow Six: Siege'),
('JLINGZ esports', 'Tubie', 'Rainbow Six: Siege'),
('Fenix Esports', 'Victory', 'Rainbow Six: Siege'),
('JLINGZ esports', 'quick', 'Rainbow Six: Siege');
INSERT INTO Apex_Playoff_Teams(team, placement, points, team_kills, match_point) VALUES 
('Reignite', 1, 78, 31, 'YES'),
('Team Liquid', 2, 69, 40, 'YES'),
('Team UNITE', 3, 60, 20, 'YES'),
('OpTic Gaming', 4, 57, 17, 'YES'),
('Luminosity Gaming', 5, 54, 24, 'YES'),
('TSM', 6, 52, 21, 'YES'),
('NRG', 7, 52, 33, 'YES'),
('Team Empire', 8, 51, 33, 'YES'),
('GameWith', 9, 46, 28, 'NO'),
('Cloud9', 10, 42, 21, 'NO'),
('100 Thieves', 11, 40, 14, 'NO'),
('GMT Esports', 12, 38, 21, 'NO'),
('aDRaccoon', 13, 36, 22, 'NO'),
('Elevate', 14, 35, 18, 'NO'),
('Team Burger', 15, 35, 20, 'NO'),
('Alliance', 16, 29, 14, 'NO'),
('Sutoraiku', 17, 24, 8, 'NO'),
('Spacestation', 18, 19, 11, 'NO'),
('FOR7', 19, 12, 3, 'NO'),
('V3 Vega', 20, 7, 4, 'NO'); 

INSERT INTO Apex_Playoff_Players(tag, team, player_kills) VALUES
('Sharky3415', 'Reignite', 9),
('RIG_Zer0', 'Reignite', 13),
('KNG_Jmw', 'Reignite', 9),
('TL Nocturnal', 'Team Liquid', 7),
('TL FunFPS', 'Team Liquid', 18),
('KNIGHTS_Gild', 'Team Liquid', 15),
('TL Hodsic', 'Team Liquid', 0),
('UNITE_Ftyan', 'Team UNITE', 10),
('UNITE_saku', 'Team UNITE', 6),
('UNITE_Lejetta', 'Team UNITE', 4),
('twitch_dooplex', 'OpTic Gaming', 7),
('SkittleCakes', 'OpTic Gaming', 8),
('C9 knoqd', 'OpTic Gaming', 2), 
('Rogue', 'OpTic Gaming', 0),
('LG_Neazul', 'Luminosity Gaming', 11),
('LG_NMEgo', 'Luminosity Gaming', 5),
('LG_YanYa', 'Luminosity Gaming', 8),
('LG_Pistillo', 'Luminosity Gaming', 0),
('FTX ImperialHal', 'TSM', 8),
('FTX_Reps', 'TSM', 5),
('intel_verhulst', 'TSM', 8),
('NRG rocker', 'NRG', 9),
('NRG Nafen', 'NRG', 7),
('NRG Sweet', 'NRG', 17),
('EMPIRE RANCHES', 'Team Empire', 11),
('EMPIRE MALIWAN', 'Team Empire', 15),
('EMPIRE CLEAVEE', 'Team Empire', 7),
('GW_Meltstera', 'GameWith', 5),
('GW_YukaF', 'GameWith', 8),
('GW_MatsuTash', 'GameWith', 15),
('C9_StayNaughty', 'Cloud9', 6),
('TSMFTX Albralelie', 'Cloud9', 7),
('KNG_Graceful', 'Cloud9', 8),
('PVPX', 'Cloud9', 0),
('RNG_Vaxlon', '100 Thieves', 5),
('100T Onmuu', '100 Thieves', 5),
('100T_Scuwry', '100 Thieves', 4),
('GMT Gnaske', 'GMT Esports', 13),
('GMT_SirDel', 'GMT Esports', 5),
('GMT_MaxStrafe', 'GMT Esports', 0),
('maydeelol', 'GMT Esports', 3),
('obly_aD', 'aDRaccoon', 8),
('aD_Parkha', 'aDRaccoon', 4),
('Rid_KaronPe', 'aDRaccoon', 10),
('Selly_o', 'aDRaccoon', 0),
('ELevate_B1N', 'Elevate', 6),
('Elevate_N3LAS', 'Elevate', 5),
('Elevate_Sleep', 'Elevate', 7),
('Elevate_Caffe', 'Elevate', 0),
('Jaro-twitch', 'Team Burger', 5),
('ItsEmtee', 'Team Burger', 8),
('Prycyy', 'Team Burger', 7),
('Alliance_Hakis', 'Alliance', 4),
('Alliance_Vaifs', 'Alliance', 7),
('Alliance_Yuki', 'Alliance', 3),
('BulletL', 'Sutoraiku', 3),
('WXLTZY', 'Sutoraiku', 3),
('Fussy', 'Sutoraiku', 2),
('devi', 'Sutoraiku', 0), 
('ssg_xenial', 'Spacestation', 7),
('SSG Dropped', 'Spacestation', 2),
('SSG_Frexs', 'Spacestation', 2),
('FSV_HeeGak', 'FOR7', 1),
('FSV_SangJoon', 'FOR7', 1),
('FSV_Jusna', 'FOR7', 1),
('V3_t23tatsu', 'V3 Vega', 1),
('V3_JIGEN', 'V3 Vega', 2),
('V3_1tappy', 'V3 Vega', 1);



INSERT INTO Valorant(tag, team, rounds_played, kills, deaths, cl_percent, kd) VALUES
('dodonut', 'TSM.X', 1607, 1517, 1071, 21, 1.42),
('sarahcat', 'IMT', 382, 358, 256, 24, 1.40),
('TenZ', 'SEN', 4720, 4300, 3351, 20, 1.28),
('leaf', 'C9', 3269, 2796, 2423, 21, 1.15),
('Keiti', 'C9W', 383, 342, 285, 9, 1.20),
('BABYBAY', 'FaZe', 3700, 3098, 2677, 13, 1.16),
('WARDELL', 'V1', 4151, 3694, 2630, 16, 1.40),
('NiSMO', 'GHST', 4260, 3561, 3007, 15, 1.18),
('OXY', 'MR', 507, 429, 412, 5, 1.04),
('koalanoob', 'GHST', 4369, 3783, 3072, 12, 1.23);

INSERT INTO Call_Of_Duty(tag, kd, damage_per_life, kills_per_9_rounds, plants_per_round) VALUES
('Ramby', 1.9090909090909092, 272.90909090909093, 9.947368421052632, 0),
('Furious', 1.75, 203.9375, 8.129032258064516, 0.06451612903225806),
('Paulehx', 1.3043478260869565, 181.81159420289856, 6.982758620689655, 0),
('Skyz', 1.2794117647058822, 180.40441176470588, 7.216589861751152, 0.059907834101382486),
('Cellium', 1.2677595628415301, 179.40983606557376, 6.5046728971962615, 0.006230529595015576),
('Shotzzy', 1.2121212121212122, 150.37878787878788, 7.5, 0.08680555555555555),
('Dashy', 1.2105263157894737, 172.93567251461988, 6.46875, 0.017361111111111112),
('Havok', 1.2105263157894737, 150.57894736842104, 6.67741935483871, 0.12903225806451613),
('Standy', 1.197080291970803, 140.47445255474452, 7.492385786802031, 0.08121827411167512),
('Simp', 1.1804878048780487, 154.3560975609756, 7.025806451612903, 0.02258064516129032);

INSERT INTO League_Of_Legends(tag, wins, losses, total_kills, total_deaths, total_assists) VALUES
('Jensen', 125, 70, 675, 337, 1074),
('Blaber', 127, 66, 639, 461, 1404),
('Zven', 103, 48, 635, 229, 851),
('Tactical', 80, 46, 492, 271, 630),
('FBI', 72, 45, 465, 242, 651),
('Ssumday', 96, 89, 448, 392, 851),
('Bjergsen', 75, 55, 429, 189, 683),
('Closer', 72, 45, 409, 240, 734),
('Danny', 56, 32, 402, 165, 437),
('Nisqy', 77, 29, 394, 199, 731);


INSERT INTO Siege (tag, rating, kpr, atkop, defop) VALUES
( 'Kaktus', 1.59, 1.13, 'Buck', 'Smoke'),
( 'BmB3R', 1.49, 1.16, 'Nomad', 'Smoke'),
( 'Fr0xXy', 1.49, 1.27, 'Sledge', 'Smoke'),
( 'Avaiche', 1.44, 1.11, 'Finka', 'Jager'),
( 'Koji', 1.42, 1.00, 'Sledge', 'Smoke'),
( 'SpeakEasy', 1.42, 1.03, 'Zero', 'Wamai'),
( 'Sam', 1.40, 0.96, 'Zofia', 'Smoke'),
( 'Scream', 1.39, 1.00, 'Sledge', 'Mira'),
( 'Tubie', 1.39, 1.00, 'Thatcher', 'Jager'),
( 'Victory', 1.35, 1.00, 'Nomad', 'Kaid'),
( 'quick', 1.34, 1.06, 'Iana', 'Thorn');

INSERT INTO Rocket_League (team, tag, wins, goals, assists) VALUES
('G2 Esports', 'JKnaps', 10406, 23883, 12457),
('Team Singularity', 'Justuszzz', 14986, 36127, 16020),
('F16 Esports', 'Rw9.', 8768, 24035, 8736),
('Team Falcons', 'trk511', 5140, 13556, 5161),
('Torrent', 'majicbear', 9427, 28157, 10034),
('NRG', 'Its_JSTN', 14941, 44423, 14483),
('XSET', 'percy.', 11753, 32305, 11536),
('XSET', 'AlphaKep', 16628, 46374, 16272),
('6LIT', 'Diaz', 13445, 37970, 13528),
('TRICK', 'Kryptos', 10821, 24394, 13103);
